team,season,stats_url,notes
Claflin,2025-26,https://athletics.claflin.edu/sports/mens-basketball/stats/2025-26,Verified official 2025-26 Men's Basketball Cumulative Statistics page.
Clarion,2025-26,https://clariongoldeneagles.com/sports/mens-basketball/stats/2025-26,Verified official 2025-26 Men's Basketball Cumulative Statistics page.
Clayton State,2025-26,https://claytonstatesports.com/sports/mbball/stats/2025-26?path=mbball,Verified official 2025-26 Men's Basketball Cumulative Statistics page.
Daemen College,2025-26,https://daemenwildcats.com/sports/mens-basketball/stats,Verified official 2025-26 Men's Basketball Cumulative Statistics page.
East Stroudsburg,2025-26,https://esuwarriors.com/sports/mens-basketball/stats,Verified official 2025-26 Men's Basketball Cumulative Statistics page.
Fayetteville State,2025-26,https://fsubroncos.com/sports/mens-basketball/stats,Verified official 2025-26 Men's Basketball Cumulative Statistics page.
Fort Hays State,2025-26,https://fhsuathletics.com/sports/mens-basketball/stats/2025-26,Verified official 2025-26 Men's Basketball Cumulative Statistics page with team and player cumulative season statistics.
Georgia College,2025-26,https://gcsubobcats.com/sports/mens-basketball/stats,Verified official 2025-26 Men's Basketball Cumulative Statistics page with team and player cumulative season statistics.
Indiana University of Pennsylvania,2025-26,https://iupathletics.com/sports/mens-basketball/stats/2025-26,Verified official 2025-26 Men's Basketball Cumulative Statistics page.
Kentucky Wesleyan,2025-26,https://kwcpanthers.com/sports/mens-basketball/stats/2025-26?path=mbball,Verified official 2025-26 Men's Basketball Cumulative Statistics page.
Minnesota Duluth,2025-26,https://umdbulldogs.com/sports/mens-basketball/stats,Verified official 2025-26 Men's Basketball Cumulative Statistics page.
Mississippi College,2025-26,https://gochoctaws.com/sports/mens-basketball/stats,Verified official 2025-26 Men's Basketball Cumulative Statistics page.
Montevallo,2025-26,https://montevallofalcons.com/sports/mens-basketball/stats,Verified official 2025-26 Men's Basketball Cumulative Statistics page with team and player season totals.
Nebraska Kearney,2025-26,https://lopers.com/sports/mens-basketball/stats/2025-26,Verified official 2025-26 Men's Basketball Cumulative Statistics page.
Newberry,2025-26,https://newberrywolves.com/sports/mens-basketball/stats,Verified official 2025-26 Men's Basketball Cumulative Statistics page.
North Greenville,2025-26,https://nguathletics.com/sports/mens-basketball/stats,Verified official 2025-26 Men's Basketball Cumulative Statistics page.
Savannah State,2025-26,https://savannahstate.prestosports.com/sports/mbkb/2025-26/teams/savannahstate?view=lineup,Verified official 2025-26 cumulative player/team statistics page.
St Edwards,2025-26,https://stedwardsathletics.com/sports/mens-basketball/stats,Verified official 2025-26 Men's Basketball Cumulative Statistics page.
Tiffin,2025-26,https://gotiffindragons.com/sports/mens-basketball/stats,Verified official 2025-26 Men's Basketball Cumulative Statistics page.
University of Mary,2025-26,https://goumary.com/sports/mens-basketball/stats,Verified official 2025-26 Men's Basketball Cumulative Statistics page.
Valdosta State,2025-26,https://vstateblazers.com/sports/mens-basketball/stats,Verified official 2025-26 Men's Basketball Cumulative Statistics page.
WV Wesleyan,2025-26,https://wvwc.edu/athletics/mens-basketball/statistics/,Verified official men's basketball statistics page containing cumulative season statistics.
Western New Mexico,2025-26,https://wnmumustangs.com/sports/mens-basketball/stats,Verified official 2025-26 Men's Basketball Cumulative Statistics page.
Adelphi,2025-26,https://aupanthers.com/sports/mens-basketball/stats,Verified official 2025-26 Men's Basketball Cumulative Statistics page.
American International,2025-26,https://aicyellowjackets.com/sports/mens-basketball/stats,Verified official 2025-26 Men's Basketball Cumulative Statistics page.
Anderson SC,2025-26,https://athletics.andersonuniversity.edu/sports/mens-basketball/stats,Verified official 2025-26 Men's Basketball Cumulative Statistics page.
Arkansas Fort Smith,2025-26,https://uafortsmithlions.com/sports/mens-basketball/stats,Verified official 2025-26 Men's Basketball Cumulative Statistics page.
Assumption College,2025-26,https://assumptiongreyhounds.com/sports/mens-basketball/stats,Verified official 2025-26 Men's Basketball Cumulative Statistics page.
Benedict College,2025-26,https://benedicttigers.com/sports/mens-basketball/stats,Verified official 2025-26 Men's Basketball Cumulative Statistics page.
Caldwell,2025-26,https://caldwellathletics.com/sports/mens-basketball/stats,Verified official 2025-26 Men's Basketball Cumulative Statistics page.
Catawba,2025-26,https://catawbaindians.com/sports/mens-basketball/stats,Verified official 2025-26 Men's Basketball Cumulative Statistics page.
Central State OH,2025-26,https://marauders.athleticsite.com/sports/mens-basketball/stats,Verified official men's basketball cumulative statistics page.
Chestnut Hill,2025-26,https://griffinathletics.com/sports/mens-basketball/stats,Verified official 2025-26 Men's Basketball Cumulative Statistics page.
Eastern New Mexico,2025-26,https://goeasternathletics.com/sports/mens-basketball/stats,Verified official 2025-26 Men's Basketball Cumulative Statistics page.
Emmanuel GA,2025-26,https://goecathletics.com/sports/mens-basketball/stats,Verified official 2025-26 Men's Basketball Cumulative Statistics page.
Erskine,2025-26,https://erskinesports.com/sports/mens-basketball/stats,Verified official 2025-26 Men's Basketball Cumulative Statistics page.
Fort Valley State,2025-26,https://fvsusports.com/sports/mens-basketball/stats,Verified official 2025-26 Men's Basketball Cumulative Statistics page.
Franklin Pierce,2025-26,https://fpuravens.com/sports/mens-basketball/stats,Verified official 2025-26 Men's Basketball Cumulative Statistics page.
Gannon,2025-26,https://gannonsports.com/sports/mens-basketball/stats,Verified official 2025-26 Men's Basketball Cumulative Statistics page.
Hillsdale MI,2025-26,https://hillsdalechargers.com/sports/mens-basketball/stats,Verified official 2025-26 Men's Basketball Cumulative Statistics page.
Lander,2025-26,https://landerbearcats.com/sports/mens-basketball/stats,Verified official 2025-26 Men's Basketball Cumulative Statistics page.
Lincoln PA,2025-26,https://lulions.com/sports/mens-basketball/stats,Verified official 2025-26 Men's Basketball Cumulative Statistics page.
Lubbock Christian,2025-26,https://lcuchaps.com/sports/mens-basketball/stats,Verified official 2025-26 Men's Basketball Cumulative Statistics page.
Miles College,2025-26,https://milesgoldenbears.com/sports/mens-basketball/stats,Verified official 2025-26 Men's Basketball Cumulative Statistics page.
Minot State,2025-26,https://msubeavers.com/sports/mens-basketball/stats,Verified official 2025-26 Men's Basketball Cumulative Statistics page.
Molloy,2025-26,https://molloylions.com/sports/mens-basketball/stats,Verified official 2025-26 Men's Basketball Cumulative Statistics page.
Morehouse,2025-26,https://morehouseathletics.com/sports/mens-basketball/stats,Verified official 2025-26 Men's Basketball Cumulative Statistics page.
Northeastern State,2025-26,https://goriverhawksgo.com/sports/mens-basketball/stats,Verified official 2025-26 Men's Basketball Cumulative Statistics page.
Northern State,2025-26,https://nsuwolves.com/sports/mens-basketball/stats/2025-26,Verified official 2025-26 Men's Basketball Cumulative Statistics page.
Northwest Missouri State,2025-26,https://bearcatsports.com/sports/mens-basketball/stats/2025-26,Verified official 2025-26 Men's Basketball Cumulative Statistics page.
Ohio Dominican,2025-26,https://ohiodominicanpanthers.com/sports/mens-basketball/stats,Verified official 2025-26 Men's Basketball Cumulative Statistics page.
Oklahoma Christian,2025-26,https://ocueagles.com/sports/mens-basketball/stats,Verified official 2025-26 Men's Basketball Cumulative Statistics page.
Post,2025-26,https://posteagles.com/sports/mens-basketball/stats,Verified official 2025-26 Men's Basketball Cumulative Statistics page.
Roberts Wesleyan College,2025-26,https://robertsredhawks.com/sports/mens-basketball/stats,Verified official 2025-26 Men's Basketball Cumulative Statistics page.
Roosevelt,2025-26,https://rooseveltlakers.com/sports/mens-basketball/stats,Verified official 2025-26 Men's Basketball Cumulative Statistics page.
Saint Anselm,2025-26,https://saintanselmhawks.com/sports/mens-basketball/stats,Verified official 2025-26 Men's Basketball Cumulative Statistics page.
Saint Michaels,2025-26,https://saintmichaelsports.com/sports/mens-basketball/stats,Verified official 2025-26 Men's Basketball Cumulative Statistics page.
Shaw,2025-26,https://shawbears.com/sports/mens-basketball/stats,Verified official 2025-26 Men's Basketball Cumulative Statistics page.
Shippensburg,2025-26,https://shipraiders.com/sports/mens-basketball/stats,Verified official 2025-26 Men's Basketball Cumulative Statistics page.
South Carolina Aiken,2025-26,https://pacersports.com/sports/mens-basketball/stats,Verified official 2025-26 Men's Basketball Cumulative Statistics page.
Southern New Hampshire,2025-26,https://snhupenmen.com/sports/mens-basketball/stats,Verified official 2025-26 Men's Basketball Cumulative Statistics page.
St Thomas Aquinas,2025-26,https://stacathletics.com/sports/mens-basketball/stats,Verified official 2025-26 Men's Basketball Cumulative Statistics page.
Staten Island,2025-26,https://csidolphins.com/sports/mens-basketball/stats,Verified official 2025-26 Men's Basketball Cumulative Statistics page.
Sul Ross State,2025-26,https://srlobos.com/sports/mens-basketball/stats,Verified official 2025-26 Men's Basketball Cumulative Statistics page.
Texas AM Kingsville,2025-26,https://javelinaathletics.com/sports/mens-basketball/stats,Verified official 2025-26 Men's Basketball Cumulative Statistics page.
Texas Permian Basin,2025-26,https://utpbfalcons.com/sports/mens-basketball/stats,Verified official 2025-26 Men's Basketball Cumulative Statistics page.
Thomas More,2025-26,https://thomasmoresaints.com/sports/mens-basketball/stats,Verified official 2025-26 Men's Basketball Cumulative Statistics page.
University of Charleston,2025-26,https://ucgoldeneagles.com/sports/mens-basketball/stats,Verified official 2025-26 Men's Basketball Cumulative Statistics page.
Virginia State,2025-26,https://govsusports.com/sports/mens-basketball/stats,Verified official 2025-26 Men's Basketball Cumulative Statistics page.
Washburn,2025-26,https://wusports.com/sports/mens-basketball/stats/2025-26,Verified official 2025-26 Men's Basketball Cumulative Statistics page.
Wayne State NEB,2025-26,https://wscwildcats.com/sports/mens-basketball/stats,Verified official 2025-26 Men's Basketball Cumulative Statistics page.
West Florida,2025-26,https://goargos.com/sports/mens-basketball/stats,Verified official 2025-26 Men's Basketball Cumulative Statistics page.
West Virginia State,2025-26,https://wvstateuathletics.com/sports/mens-basketball/stats,Verified official 2025-26 Men's Basketball Cumulative Statistics page.
Alaska Fairbanks,2025-26,https://alaskananooks.com/sports/mens-basketball/stats,Verified official 2025-26 Men's Basketball Cumulative Statistics page.
Albany State GA,2025-26,https://asugoldenrams.com/sports/mens-basketball/stats,Verified official 2025-26 Men's Basketball Cumulative Statistics page.
Arkansas-Monticello,2025-26,https://uamathletics.com/sports/mens-basketball/stats,Verified official 2025-26 Men's Basketball Cumulative Statistics page.
Augustana College,2025-26,https://goaugie.com/sports/mens-basketball/stats,Verified official 2025-26 Men's Basketball Cumulative Statistics page.
Bentley,2025-26,https://bentleyfalcons.com/sports/mens-basketball/stats,Verified official 2025-26 Men's Basketball Cumulative Statistics page.
Bowie State,2025-26,https://bsubulldogs.com/sports/mens-basketball/stats,Verified official 2025-26 Men's Basketball Cumulative Statistics page.
California PA,2025-26,https://calvulcans.com/sports/mens-basketball/stats,Verified official 2025-26 Men's Basketball Cumulative Statistics page.
Cameron,2025-26,https://cameronaggies.com/sports/mens-basketball/stats,Verified official 2025-26 Men's Basketball Cumulative Statistics page.
Clark Atlanta,2025-26,https://clarkatlantasports.com/sports/mens-basketball/stats,Verified official 2025-26 Men's Basketball Cumulative Statistics page.
Concord,2025-26,https://cumountainlions.com/sports/mens-basketball/stats,Verified official 2025-26 Men's Basketball Cumulative Statistics page.
Converse,2025-26,https://converseathletics.com/sports/mens-basketball/stats,Verified official 2025-26 Men's Basketball Cumulative Statistics page.
Dallas Baptist,2025-26,https://dbupatriots.com/sports/mens-basketball/stats,Verified official 2025-26 Men's Basketball Cumulative Statistics page.
Delta State,2025-26,https://gostatesmen.com/sports/mens-basketball/stats,Verified official 2025-26 Men's Basketball Cumulative Statistics page.
District of Columbia,2025-26,https://udcfirebirds.com/sports/mens-basketball/stats,Verified official 2025-26 Men's Basketball Cumulative Statistics page.
East Central,2025-26,https://ecutigers.com/sports/mens-basketball/stats,Verified official 2025-26 Men's Basketball Cumulative Statistics page.
Emporia State,2025-26,https://esuhornets.com/sports/mens-basketball/stats,Verified official 2025-26 Men's Basketball Cumulative Statistics page.
Flagler,2025-26,https://flaglerathletics.com/sports/mens-basketball/stats,Verified official 2025-26 Men's Basketball Cumulative Statistics page.
Georgia Southwestern State,2025-26,https://gswcanes.com/sports/mens-basketball/stats,Verified official 2025-26 Men's Basketball Cumulative Statistics page.
Glenville State,2025-26,https://gstatepioneers.com/sports/mens-basketball/stats,Verified official 2025-26 Men's Basketball Cumulative Statistics page.
Goldey Beacom,2025-26,https://gbcathletics.com/sports/mens-basketball/stats,Verified official 2025-26 Men's Basketball Cumulative Statistics page.
Illinois Springfield,2025-26,https://uisprairiestars.com/sports/mens-basketball/stats,Verified official 2025-26 Men's Basketball Cumulative Statistics page.
Indianapolis,2025-26,https://athletics.uindy.edu/sports/mens-basketball/stats,Verified official 2025-26 Men's Basketball Cumulative Statistics page.
Jessup,2025-26,https://gojessup.com/sports/mens-basketball/stats,Verified official 2025-26 Men's Basketball Cumulative Statistics page.
Kentucky State,2025-26,https://ksuthorobreds.com/sports/mens-basketball/stats,Verified official 2025-26 Men's Basketball Cumulative Statistics page.
Kutztown,2025-26,https://kubears.com/sports/mens-basketball/stats,Verified official 2025-26 Men's Basketball Cumulative Statistics page.
Lane,2025-26,https://golcdragons.com/sports/mens-basketball/stats,Verified official 2025-26 Men's Basketball Cumulative Statistics page.
Lenoir Rhyne,2025-26,https://lrbears.com/sports/mens-basketball/stats,Verified official 2025-26 Men's Basketball Cumulative Statistics page.
Malone,2025-26,https://malonepioneers.com/sports/mens-basketball/stats,Verified official 2025-26 Men's Basketball Cumulative Statistics page.
Mercy College,2025-26,https://mercyathletics.com/sports/mens-basketball/stats,Verified official 2025-26 Men's Basketball Cumulative Statistics page.
Minnesota Crookston,2025-26,https://goldeneaglesports.com/sports/mens-basketball/stats,Verified official 2025-26 Men's Basketball Cumulative Statistics page.
Minnesota State  Moorhead,2025-26,https://msumdragons.com/sports/mens-basketball/stats,Verified official 2025-26 Men's Basketball Cumulative Statistics page.
Minnesota State Mankato,2025-26,https://msumavericks.com/sports/mens-basketball/stats,Verified official 2025-26 Men's Basketball Cumulative Statistics page.
Mount Olive,2025-26,https://umotrojans.com/sports/mens-basketball/stats,Verified official 2025-26 Men's Basketball Cumulative Statistics page.
Ouachita Baptist,2025-26,https://obutigers.com/sports/mens-basketball/stats,Verified official 2025-26 Men's Basketball Cumulative Statistics page.
Pace,2025-26,https://paceuathletics.com/sports/mens-basketball/stats,Verified official 2025-26 Men's Basketball Cumulative Statistics page.
Point Loma,2025-26,https://plnusealions.com/sports/mens-basketball/stats,Verified official 2025-26 Men's Basketball Cumulative Statistics page.
Rogers State,2025-26,https://rsuhillcats.com/sports/mens-basketball/stats,Verified official 2025-26 Men's Basketball Cumulative Statistics page.
Shepherd University,2025-26,https://shepherdrams.com/sports/mens-basketball/stats,Verified official 2025-26 Men's Basketball Cumulative Statistics page.
Shorter,2025-26,https://goshorterhawks.com/sports/mens-basketball/stats,Verified official 2025-26 Men's Basketball Cumulative Statistics page.
Slippery Rock,2025-26,https://rockathletics.com/sports/mens-basketball/stats,Verified official 2025-26 Men's Basketball Cumulative Statistics page.
Southern Connecticut State,2025-26,https://scsuowls.com/sports/mens-basketball/stats,Verified official 2025-26 Men's Basketball Cumulative Statistics page.
Southwestern Oklahoma State,2025-26,https://swosuathletics.com/sports/mens-basketball/stats,Verified official 2025-26 Men's Basketball Cumulative Statistics page.
St Cloud State,2025-26,https://scsuhuskies.com/sports/mens-basketball/stats,Verified official 2025-26 Men's Basketball Cumulative Statistics page.
St Marys TX,2025-26,https://rattlerathletics.com/sports/mens-basketball/stats,Verified official 2025-26 Men's Basketball Cumulative Statistics page.
Texas Dallas,2025-26,https://utdcomets.com/sports/mens-basketball/stats,Verified official 2025-26 Men's Basketball Cumulative Statistics page.
Trevecca Nazarene,2025-26,https://tnutrojans.com/sports/mens-basketball/stats,Verified official 2025-26 Men's Basketball Cumulative Statistics page.
Tusculum,2025-26,https://tusculumpioneers.com/sports/mens-basketball/stats,Verified official 2025-26 Men's Basketball Cumulative Statistics page.
Union TN,2025-26,https://gouabears.com/sports/mens-basketball/stats,Verified official 2025-26 Men's Basketball Cumulative Statistics page.
Virginia Union,2025-26,https://vuusports.com/sports/mens-basketball/stats,Verified official 2025-26 Men's Basketball Cumulative Statistics page.
West Alabama,2025-26,https://uwaathletics.com/sports/mens-basketball/stats,Verified official 2025-26 Men's Basketball Cumulative Statistics page.
West Liberty,2025-26,https://hilltoppersports.com/sports/mens-basketball/stats,Verified official 2025-26 Men's Basketball Cumulative Statistics page.
Southwest Minnesota State,2025-26,https://static.smsumustangs.com/custompages/mbball/2025-26/teamcume.htm,Official 2025-26 cumulative stats page linked from SMSU archive
Virginia Wise,2025-26,https://uvawisecavs.com/sports/mens-basketball/stats,Verified official 2025-26 cumulative stats page
Alabama Huntsville,2025-26,https://uahchargers.com/sports/mens-basketball/stats/2025-26,Verified official 2025-26 cumulative stats page
Angelo State,2025-26,https://angelosports.com/sports/mens-basketball/stats/2025-26,Verified official 2025-26 cumulative stats page
Ashland,2025-26,https://goashlandeagles.com/sports/mens-basketball/stats,Verified official 2025-26 cumulative stats page
Belmont Abbey,2025-26,https://abbeyathletics.com/sports/mens-basketball/stats/2025-26,Verified official 2025-26 cumulative stats page
Christian Brothers,2025-26,https://cbubucs.com/sports/mens-basketball/stats,Verified official 2025-26 cumulative stats page
Columbus State,2025-26,https://csucougars.com/sports/mens-basketball/stats,Verified official 2025-26 cumulative stats page
Concordia St Paul,2025-26,https://cspbears.com/sports/mens-basketball/stats/2025-26,Verified official 2025-26 cumulative stats page
Johnson C Smith,2025-26,https://goldenbullsports.com/sports/mens-basketball/stats/2025-2026,Verified official 2025-26 cumulative stats page
King,2025-26,https://www.kingtornado.com/sports/mens-basketball-jv/stats/2025-26,User confirmed correct King stats page
Millersville University,2025-26,https://millersvilleathletics.com/sports/mens-basketball/stats/2025,Verified official cumulative stats page
Newman University,2025-26,https://newmanjets.com/sports/mens-basketball/stats,Verified official 2025-26 cumulative stats page
